environment,seed,total_reward
Hopper-v5,738491,168.83975
Hopper-v5,204583,165.42328
Hopper-v5,991627,169.57275
Hopper-v5,458720,165.87538
Hopper-v5,174392,169.93782
Hopper-v5,618305,169.0534
Hopper-v5,837154,166.99506
Hopper-v5,265009,166.66081
Hopper-v5,781463,166.47055
Hopper-v5,549128,168.35808
